ID,confidence,true_label
sub-CH8593b,0.8383335650948448,0
sub-CH7098a,0.7722174438854519,1
sub-kb120176,0.7495000759301123,1
sub-CH7831a,0.7473197884069677,1
sub-CH7875b,0.7344460301101503,1
sub-mb130153,0.7228222655724527,0
sub-CH8033a,0.2842723707669438,0
sub-CH2917,0.2575069673772053,0
sub-jf130314,0.2158124198124161,1
sub-ef100097,0.2056512066315365,0
sub-CH8095a,0.16681465161786,0
sub-ns110166,0.1550439076186186,0
